{
  "metadata": {
    "total": 60,
    "version": "OPTIMIZED (V2)",
    "timestamp": "2026-04-21 18:03:57",
    "versions_compared": [
      "V1",
      "V2"
    ]
  },
  "metrics": {
    "avg_score": 4.383333333333334,
    "hit_rate": 0.7333333333333333,
    "agreement_rate": 1.0
  },
  "regression": {
    "v1": {
      "score": 4.383333333333334,
      "hit_rate": 0.7333333333333333,
      "judge_agreement": 1.0
    },
    "v2": {
      "score": 4.383333333333334,
      "hit_rate": 0.7333333333333333,
      "judge_agreement": 1.0
    },
    "decision": "RELEASE"
  }
}